domain,url,status
genpact.avature.net,https://genpact.avature.net/careers/SearchJobs,valid
sandboxzungfu.avature.net,https://sandboxzungfu.avature.net/careers/SearchJobs,valid
sandboxamspsr.avature.net,https://sandboxamspsr.avature.net/careers/SearchJobs,valid
sandboxpaybackgroup.avature.net,https://sandboxpaybackgroup.avature.net/careers/SearchJobs,valid
justicejobs.avature.net,https://justicejobs.avature.net/careers/SearchJobs,valid
uatashfieldhealthcare.avature.net,https://uatashfieldhealthcare.avature.net/careers/SearchJobs,valid
sandboxtesco.avature.net,https://sandboxtesco.avature.net/careers/SearchJobs,valid
skanska.avature.net,https://skanska.avature.net/careers/SearchJobs,valid
tescoinsuranceandmoneyservices.avature.net,https://tescoinsuranceandmoneyservices.avature.net/careers/SearchJobs,valid
deloittecm.avature.net,https://deloittecm.avature.net/careers/SearchJobs,valid
amspsr.avature.net,https://amspsr.avature.net/careers/SearchJobs,valid
laplanduk.avature.net,https://laplanduk.avature.net/careers/SearchJobs,valid
tescobank.avature.net,https://tescobank.avature.net/careers/SearchJobs,valid
forms.avature.net,https://forms.avature.net/careers/SearchJobs,valid
pomerleau.avature.net,https://pomerleau.avature.net/careers/SearchJobs,valid
rohde-schwarz.avature.net,https://rohde-schwarz.avature.net/careers/SearchJobs,valid
sandboxashfieldhealthcare.avature.net,https://sandboxashfieldhealthcare.avature.net/careers/SearchJobs,valid
website.avature.net,https://website.avature.net/careers/SearchJobs,valid
berenberg.avature.net,https://berenberg.avature.net/careers/SearchJobs,valid
lindner.avature.net,https://lindner.avature.net/careers/SearchJobs,valid
astellasjapan.avature.net,https://astellasjapan.avature.net/careers/SearchJobs,valid
amswh.avature.net,https://amswh.avature.net/careers/SearchJobs,valid
jakala.avature.net,https://jakala.avature.net/careers/SearchJobs,valid
transcom.avature.net,https://transcom.avature.net/careers/SearchJobs,valid
cicor.avature.net,https://cicor.avature.net/careers/SearchJobs,valid
mclaren.avature.net,https://mclaren.avature.net/careers/SearchJobs,valid
tesco.avature.net,https://tesco.avature.net/careers/SearchJobs,valid
www.avature.net,https://www.avature.net/careers/SearchJobs,valid
totalenergies.avature.net,https://totalenergies.avature.net/careers/SearchJobs,valid
mt.avature.net,https://mt.avature.net/careers/SearchJobs,valid
rohdeschwarz.avature.net,https://rohdeschwarz.avature.net/careers/SearchJobs,valid
deloittece.avature.net,https://deloittece.avature.net/careers/SearchJobs,valid
monadelphous.avature.net,https://monadelphous.avature.net/careers/SearchJobs,valid
mgl.avature.net,https://mgl.avature.net/careers/SearchJobs,valid
regis.avature.net,https://regis.avature.net/careers/SearchJobs,valid
a2milkkf.avature.net,https://a2milkkf.avature.net/careers/SearchJobs,valid
primero.avature.net,https://primero.avature.net/careers/SearchJobs,valid
djcshudson.avature.net,https://djcshudson.avature.net/careers/SearchJobs,valid
cyclecarriage.avature.net,https://cyclecarriage.avature.net/careers/SearchJobs,valid
santos.avature.net,https://santos.avature.net/careers/SearchJobs,valid
auspost.avature.net,https://auspost.avature.net/careers/SearchJobs,valid
zungfu.avature.net,https://zungfu.avature.net/careers/SearchJobs,valid
bankerslife.avature.net,https://bankerslife.avature.net/careers/SearchJobs,valid
voutiquededhaas2.avature.net,https://voutiquededhaas2.avature.net/careers/SearchJobs,valid
dfiretailgroup.avature.net,https://dfiretailgroup.avature.net/careers/SearchJobs,valid
demooebbrecruiting.avature.net,https://demooebbrecruiting.avature.net/careers/SearchJobs,valid
jrg.avature.net,https://jrg.avature.net/careers/SearchJobs,valid
fonterrakf.avature.net,https://fonterrakf.avature.net/careers/SearchJobs,valid
astellas.avature.net,https://astellas.avature.net/careers/SearchJobs,valid
wickes.avature.net,https://wickes.avature.net/careers/SearchJobs,valid
deloittepng.avature.net,https://deloittepng.avature.net/careers/SearchJobs,valid
bravura.avature.net,https://bravura.avature.net/careers/SearchJobs,valid
baloise.avature.net,https://baloise.avature.net/careers/SearchJobs,valid
enbw.avature.net,https://enbw.avature.net/careers/SearchJobs,valid
devwoolworths1.avature.net,https://devwoolworths1.avature.net/careers/SearchJobs,valid
sandboxauspost.avature.net,https://sandboxauspost.avature.net/careers/SearchJobs,valid
ea.avature.net,https://ea.avature.net/careers/SearchJobs,valid
sandboxea.avature.net,https://sandboxea.avature.net/careers/SearchJobs,valid
mantech.avature.net,https://mantech.avature.net/careers/SearchJobs,valid
encompasshealth.avature.net,https://encompasshealth.avature.net/careers/SearchJobs,valid
cchbc.avature.net,https://cchbc.avature.net/careers/SearchJobs,valid
tennet.avature.net,https://tennet.avature.net/careers/SearchJobs,valid
uatauspost.avature.net,https://uatauspost.avature.net/careers/SearchJobs,valid
sparknz.avature.net,https://sparknz.avature.net/careers/SearchJobs,valid
maximus.avature.net,https://maximus.avature.net/careers/SearchJobs,valid
bmcrecruit.avature.net,https://bmcrecruit.avature.net/careers/SearchJobs,valid
fmlogistic.avature.net,https://fmlogistic.avature.net/careers/SearchJobs,valid
nva.avature.net,https://nva.avature.net/careers/SearchJobs,valid
tkdemoger.avature.net,https://tkdemoger.avature.net/careers/SearchJobs,valid
demorossmann.avature.net,https://demorossmann.avature.net/careers/SearchJobs,valid
frequentis.avature.net,https://frequentis.avature.net/careers/SearchJobs,valid
crmdacheng.avature.net,https://crmdacheng.avature.net/careers/SearchJobs,valid
demooebb1.avature.net,https://demooebb1.avature.net/careers/SearchJobs,valid
demoaudi2.avature.net,https://demoaudi2.avature.net/careers/SearchJobs,valid
manpowergroupco.avature.net,https://manpowergroupco.avature.net/careers/SearchJobs,valid
ino.avature.net,https://ino.avature.net/careers/SearchJobs,valid
healthfirst.avature.net,https://healthfirst.avature.net/careers/SearchJobs,valid
bloomberg.avature.net,https://bloomberg.avature.net/careers/SearchJobs,valid
radpartners.avature.net,https://radpartners.avature.net/careers/SearchJobs,valid
aesc.avature.net,https://aesc.avature.net/careers/SearchJobs,valid
ecb.avature.net,https://ecb.avature.net/careers/SearchJobs,valid
workmyway.avature.net,https://workmyway.avature.net/careers/SearchJobs,valid
mastereh.avature.net,https://mastereh.avature.net/careers/SearchJobs,valid
voutiquetraining.avature.net,https://voutiquetraining.avature.net/careers/SearchJobs,valid
mercadona.avature.net,https://mercadona.avature.net/careers/SearchJobs,valid
coeint.avature.net,https://coeint.avature.net/careers/SearchJobs,valid
vanoord.avature.net,https://vanoord.avature.net/careers/SearchJobs,valid
infor.avature.net,https://infor.avature.net/careers/SearchJobs,valid
sandboxlenovo.avature.net,https://sandboxlenovo.avature.net/careers/SearchJobs,valid
loa.avature.net,https://loa.avature.net/careers/SearchJobs,valid
sandboxbnc.avature.net,https://sandboxbnc.avature.net/careers/SearchJobs,valid
ciusss.avature.net,https://ciusss.avature.net/careers/SearchJobs,valid
ally.avature.net,https://ally.avature.net/careers/SearchJobs,valid
westrockta.avature.net,https://westrockta.avature.net/careers/SearchJobs,valid
sandboxhenrico.avature.net,https://sandboxhenrico.avature.net/careers/SearchJobs,valid
sandboxhealthfirst.avature.net,https://sandboxhealthfirst.avature.net/careers/SearchJobs,valid
boozallen.avature.net,https://boozallen.avature.net/careers/SearchJobs,valid
insperity.avature.net,https://insperity.avature.net/careers/SearchJobs,valid
ibmsandbox1.avature.net,https://ibmsandbox1.avature.net/careers/SearchJobs,valid
intercaretherapy.avature.net,https://intercaretherapy.avature.net/careers/SearchJobs,valid
uclahealth.avature.net,https://uclahealth.avature.net/careers/SearchJobs,valid
sandboxally.avature.net,https://sandboxally.avature.net/careers/SearchJobs,valid
steelcase.avature.net,https://steelcase.avature.net/careers/SearchJobs,valid
rgp.avature.net,https://rgp.avature.net/careers/SearchJobs,valid
jackhenry.avature.net,https://jackhenry.avature.net/careers/SearchJobs,valid
sandboxinsperity.avature.net,https://sandboxinsperity.avature.net/careers/SearchJobs,valid
bnc.avature.net,https://bnc.avature.net/careers/SearchJobs,valid
onecall.avature.net,https://onecall.avature.net/careers/SearchJobs,valid
dosist.avature.net,https://dosist.avature.net/careers/SearchJobs,valid
amerilife.avature.net,https://amerilife.avature.net/careers/SearchJobs,valid
sandboxboozallen.avature.net,https://sandboxboozallen.avature.net/careers/SearchJobs,valid
synopsys.avature.net,https://synopsys.avature.net/careers/SearchJobs,valid
sandboxwcg.avature.net,https://sandboxwcg.avature.net/careers/SearchJobs,valid
gpshospitality.avature.net,https://gpshospitality.avature.net/careers/SearchJobs,valid
wcg.avature.net,https://wcg.avature.net/careers/SearchJobs,valid
cdcn.avature.net,https://CDCN.avature.net/careers/SearchJobs,valid
mhcta.avature.net,https://mhcta.avature.net/careers/SearchJobs,valid
deloitteus.avature.net,https://deloitteus.avature.net/careers/SearchJobs,valid
advocateaurorahealth.avature.net,https://advocateaurorahealth.avature.net/careers/SearchJobs,valid
sandboxino1.avature.net,https://sandboxino1.avature.net/careers/SearchJobs,valid
lululemoninc.avature.net,https://lululemoninc.avature.net/careers/SearchJobs,valid
tsmc.avature.net,https://tsmc.avature.net/careers/SearchJobs,valid
cbreglobal.avature.net,https://cbreglobal.avature.net/careers/SearchJobs,js_required
mikloswiki.avature.net,https://mikloswiki.avature.net/careers/SearchJobs,js_required
delta.avature.net,https://delta.avature.net/careers/SearchJobs,js_required
sandboxlululemoninc.avature.net,https://sandboxlululemoninc.avature.net/careers/SearchJobs,js_required
eventregistration.avature.net,https://eventregistration.avature.net/careers/SearchJobs,js_required
sandboxcbreglobal.avature.net,https://sandboxcbreglobal.avature.net/careers/SearchJobs,js_required
koch.avature.net,https://koch.avature.net/careers/SearchJobs,js_required
lenovo.avature.net,https://lenovo.avature.net/careers/SearchJobs,js_required
jacobs.avature.net,https://jacobs.avature.net/careers/SearchJobs,js_required
sandboxtelusinternational.avature.net,https://sandboxtelusinternational.avature.net/careers/SearchJobs,js_required
eventschina.avature.net,https://eventschina.avature.net/careers/SearchJobs,not_valid
hkland.avature.net,https://hkland.avature.net/careers/SearchJobs,not_valid
hsbc.avature.net,https://hsbc.avature.net/careers/SearchJobs,not_valid
sandboxhsbc.avature.net,https://sandboxhsbc.avature.net/careers/SearchJobs,not_valid
virginatlantic.avature.net,https://virginatlantic.avature.net/careers/SearchJobs,not_valid
vodafone.avature.net,https://vodafone.avature.net/careers/SearchJobs,not_valid
analytics.avature.net,https://analytics.avature.net/careers/SearchJobs,not_valid
pd.avature.net,https://pd.avature.net/careers/SearchJobs,not_valid
americangreetings.avature.net,https://americangreetings.avature.net/careers/SearchJobs,not_valid
sandboxbelk.avature.net,https://sandboxbelk.avature.net/careers/SearchJobs,not_valid
barclays.avature.net,https://barclays.avature.net/careers/SearchJobs,not_valid
henkel.avature.net,https://henkel.avature.net/careers/SearchJobs,not_valid
colorado.avature.net,https://colorado.avature.net/careers/SearchJobs,not_valid
resourcebank.avature.net,https://resourcebank.avature.net/careers/SearchJobs,not_valid
appleeu.avature.net,https://appleeu.avature.net/careers/SearchJobs,not_valid
mbsrecruiting.avature.net,https://mbsrecruiting.avature.net/careers/SearchJobs,not_valid
sandboxnikeglobal.avature.net,https://sandboxnikeglobal.avature.net/careers/SearchJobs,not_valid
kpmg.avature.net,https://kpmg.avature.net/careers/SearchJobs,not_valid
philips.avature.net,https://philips.avature.net/careers/SearchJobs,not_valid
innocent.avature.net,https://innocent.avature.net/careers/SearchJobs,not_valid
tmf.avature.net,https://tmf.avature.net/careers/SearchJobs,not_valid
optavise.avature.net,https://optavise.avature.net/careers/SearchJobs,not_valid
kienbaum.avature.net,https://kienbaum.avature.net/careers/SearchJobs,not_valid
lineplus.avature.net,https://lineplus.avature.net/careers/SearchJobs,not_valid
enjoy.avature.net,https://enjoy.avature.net/careers/SearchJobs,not_valid
kpmgcampus.avature.net,https://kpmgcampus.avature.net/careers/SearchJobs,not_valid
nuffield.avature.net,https://nuffield.avature.net/careers/SearchJobs,not_valid
vestasmgs.avature.net,https://vestasmgs.avature.net/careers/SearchJobs,not_valid
hyphen.avature.net,https://hyphen.avature.net/careers/SearchJobs,not_valid
baufest.avature.net,https://baufest.avature.net/careers/SearchJobs,not_valid
arupwhg.avature.net,https://arupwhg.avature.net/careers/SearchJobs,not_valid
govca.avature.net,https://govca.avature.net/careers/SearchJobs,not_valid
platinion.avature.net,https://platinion.avature.net/careers/SearchJobs,not_valid
itpatagonia.avature.net,https://itpatagonia.avature.net/careers/SearchJobs,not_valid
executivesurf.avature.net,https://executivesurf.avature.net/careers/SearchJobs,not_valid
kpmgireland.avature.net,https://kpmgireland.avature.net/careers/SearchJobs,not_valid
skoda.avature.net,https://skoda.avature.net/careers/SearchJobs,not_valid
travisperkins.avature.net,https://travisperkins.avature.net/careers/SearchJobs,not_valid
robertwaltersoutsourcing.avature.net,https://robertwaltersoutsourcing.avature.net/careers/SearchJobs,not_valid
partners.avature.net,https://partners.avature.net/careers/SearchJobs,not_valid
laitram.avature.net,https://laitram.avature.net/careers/SearchJobs,not_valid
kellyinternalta.avature.net,https://kellyinternalta.avature.net/careers/SearchJobs,not_valid
ipotentials.avature.net,https://ipotentials.avature.net/careers/SearchJobs,not_valid
jlr.avature.net,https://jlr.avature.net/careers/SearchJobs,not_valid
kenexa.avature.net,https://kenexa.avature.net/careers/SearchJobs,not_valid
adeccorecruiting.avature.net,https://adeccorecruiting.avature.net/careers/SearchJobs,not_valid
specsavers.avature.net,https://specsavers.avature.net/careers/SearchJobs,not_valid
tademobfrazier.avature.net,https://tademobfrazier.avature.net/careers/SearchJobs,not_valid
pontoonrecruitment.avature.net,https://pontoonrecruitment.avature.net/careers/SearchJobs,not_valid
bain.avature.net,https://bain.avature.net/careers/SearchJobs,not_valid
pontoonsolutions.avature.net,https://pontoonsolutions.avature.net/careers/SearchJobs,not_valid
hcr.avature.net,https://hcr.avature.net/careers/SearchJobs,not_valid
baml.avature.net,https://baml.avature.net/careers/SearchJobs,not_valid
novartisglobal.avature.net,https://novartisglobal.avature.net/careers/SearchJobs,not_valid
manpowergrouppe.avature.net,https://manpowergrouppe.avature.net/careers/SearchJobs,not_valid
amsmedtronic.avature.net,https://amsmedtronic.avature.net/careers/SearchJobs,not_valid
ciscostageats.avature.net,https://ciscostageats.avature.net/careers/SearchJobs,not_valid
bupaanz.avature.net,https://bupaanz.avature.net/careers/SearchJobs,not_valid
cisco2.avature.net,https://cisco2.avature.net/careers/SearchJobs,not_valid
cba.avature.net,https://cba.avature.net/careers/SearchJobs,not_valid
cisco.avature.net,https://cisco.avature.net/careers/SearchJobs,not_valid
pe.avature.net,https://pe.avature.net/careers/SearchJobs,not_valid
manpowerinternal.avature.net,https://manpowerinternal.avature.net/careers/SearchJobs,not_valid
jardinematheson.avature.net,https://jardinematheson.avature.net/careers/SearchJobs,not_valid
w6group.avature.net,https://w6group.avature.net/careers/SearchJobs,not_valid
appleasia.avature.net,https://appleasia.avature.net/careers/SearchJobs,not_valid
psdrecruit.avature.net,https://psdrecruit.avature.net/careers/SearchJobs,not_valid
demomdanderson.avature.net,https://demomdanderson.avature.net/careers/SearchJobs,not_valid
demonavalinstitute.avature.net,https://demonavalinstitute.avature.net/careers/SearchJobs,not_valid
bp.avature.net,https://bp.avature.net/careers/SearchJobs,not_valid
games.avature.net,https://games.avature.net/careers/SearchJobs,not_valid
demouniversityofiowa.avature.net,https://demouniversityofiowa.avature.net/careers/SearchJobs,not_valid
crownkemble.avature.net,https://crownkemble.avature.net/careers/SearchJobs,not_valid
demovoutiqueamteam6.avature.net,https://demovoutiqueamteam6.avature.net/careers/SearchJobs,not_valid
certvoutiqueamteam6.avature.net,https://certvoutiqueamteam6.avature.net/careers/SearchJobs,not_valid
tapfin.avature.net,https://tapfin.avature.net/careers/SearchJobs,not_valid
provato.avature.net,https://provato.avature.net/careers/SearchJobs,not_valid
jarvis.avature.net,https://jarvis.avature.net/careers/SearchJobs,not_valid
apple.avature.net,https://apple.avature.net/careers/SearchJobs,not_valid
dtccpontoon.avature.net,https://dtccpontoon.avature.net/careers/SearchJobs,not_valid
certvoutiqueamteam1.avature.net,https://certvoutiqueamteam1.avature.net/careers/SearchJobs,not_valid
recruiting360.avature.net,https://recruiting360.avature.net/careers/SearchJobs,not_valid
kellyrpo.avature.net,https://kellyrpo.avature.net/careers/SearchJobs,not_valid
manpowergroup.avature.net,https://manpowergroup.avature.net/careers/SearchJobs,not_valid
joinapple.avature.net,https://joinapple.avature.net/careers/SearchJobs,not_valid
jll.avature.net,https://jll.avature.net/careers/SearchJobs,not_valid
woolworths.avature.net,https://woolworths.avature.net/careers/SearchJobs,not_valid
tql.avature.net,https://tql.avature.net/careers/SearchJobs,not_valid
sandboxsantos.avature.net,https://sandboxsantos.avature.net/careers/SearchJobs,not_valid
applecorp.avature.net,https://applecorp.avature.net/careers/SearchJobs,not_valid
certvoutiqueamteam3.avature.net,https://certvoutiqueamteam3.avature.net/careers/SearchJobs,not_valid
dhlconsulting.avature.net,https://dhlconsulting.avature.net/careers/SearchJobs,not_valid
co.avature.net,https://co.avature.net/careers/SearchJobs,not_valid
microsoftacademypontoon.avature.net,https://microsoftacademypontoon.avature.net/careers/SearchJobs,not_valid
training.avature.net,https://training.avature.net/careers/SearchJobs,not_valid
eyglobal.avature.net,https://eyglobal.avature.net/careers/SearchJobs,not_valid
sandboxloa.avature.net,https://sandboxloa.avature.net/careers/SearchJobs,not_valid
fortress.avature.net,https://fortress.avature.net/careers/SearchJobs,not_valid
shell.avature.net,https://shell.avature.net/careers/SearchJobs,not_valid
deloitteglobal.avature.net,https://deloitteglobal.avature.net/careers/SearchJobs,not_valid
rstsb.avature.net,https://rstsb.avature.net/careers/SearchJobs,not_valid
andersen.avature.net,https://andersen.avature.net/careers/SearchJobs,not_valid
amazon.avature.net,https://amazon.avature.net/careers/SearchJobs,not_valid
onpointhrsolutions.avature.net,https://onpointhrsolutions.avature.net/careers/SearchJobs,not_valid
kantar.avature.net,https://kantar.avature.net/careers/SearchJobs,not_valid
ascareers.avature.net,https://ascareers.avature.net/careers/SearchJobs,not_valid
finance.avature.net,https://finance.avature.net/careers/SearchJobs,not_valid
amsbae.avature.net,https://amsbae.avature.net/careers/SearchJobs,not_valid
qatarairways.avature.net,https://qatarairways.avature.net/careers/SearchJobs,not_valid
genesys.avature.net,https://genesys.avature.net/careers/SearchJobs,not_valid
enel.avature.net,https://enel.avature.net/careers/SearchJobs,not_valid
virtualoffice.avature.net,https://virtualoffice.avature.net/careers/SearchJobs,not_valid
deloittebe.avature.net,https://deloittebe.avature.net/careers/SearchJobs,not_valid
metlife.avature.net,https://metlife.avature.net/careers/SearchJobs,not_valid
echostar.avature.net,https://echostar.avature.net/careers/SearchJobs,not_valid
abbgb.avature.net,https://abbgb.avature.net/careers/SearchJobs,not_valid
psdconnect.avature.net,https://psdconnect.avature.net/careers/SearchJobs,not_valid
ralphlauren.avature.net,https://ralphlauren.avature.net/careers/SearchJobs,not_valid
traderjoes.avature.net,https://traderjoes.avature.net/careers/SearchJobs,not_valid
sandia.avature.net,https://sandia.avature.net/careers/SearchJobs,not_valid
generacta.avature.net,https://generacta.avature.net/careers/SearchJobs,not_valid
sandbox3uskpmg.avature.net,https://sandbox3uskpmg.avature.net/careers/SearchJobs,not_valid
providence.avature.net,https://providence.avature.net/careers/SearchJobs,not_valid
blizzard.avature.net,https://blizzard.avature.net/careers/SearchJobs,not_valid
deltaflightattendants.avature.net,https://deltaflightattendants.avature.net/careers/SearchJobs,not_valid
stagingikea.avature.net,https://stagingikea.avature.net/careers/SearchJobs,not_valid
gsowstalentmatching.avature.net,https://gsowstalentmatching.avature.net/careers/SearchJobs,not_valid
deloitte.avature.net,https://deloitte.avature.net/careers/SearchJobs,not_valid
lawson.avature.net,https://lawson.avature.net/careers/SearchJobs,not_valid
uskpmg.avature.net,https://uskpmg.avature.net/careers/SearchJobs,not_valid
ikea.avature.net,https://ikea.avature.net/careers/SearchJobs,not_valid
deshawresearch.avature.net,https://deshawresearch.avature.net/careers/SearchJobs,not_valid
documents.avature.net,https://documents.avature.net/careers/SearchJobs,not_valid
sales.avature.net,https://sales.avature.net/careers/SearchJobs,not_valid
recruiting.avature.net,https://recruiting.avature.net/careers/SearchJobs,not_valid
voutiquesjaworski.avature.net,https://voutiquesjaworski.avature.net/careers/SearchJobs,not_valid
implementation.avature.net,https://implementation.avature.net/careers/SearchJobs,not_valid
arcbest.avature.net,https://arcbest.avature.net/careers/SearchJobs,not_valid
voutiqueaclancy.avature.net,https://voutiqueaclancy.avature.net/careers/SearchJobs,not_valid
deloitteuk.avature.net,https://deloitteuk.avature.net/careers/SearchJobs,not_valid
voutiqueaballinger.avature.net,https://voutiqueaballinger.avature.net/careers/SearchJobs,not_valid
voutiquecknittlelias2.avature.net,https://voutiquecknittlelias2.avature.net/careers/SearchJobs,not_valid
teg.avature.net,https://teg.avature.net/careers/SearchJobs,not_valid
voutiqueabender.avature.net,https://voutiqueabender.avature.net/careers/SearchJobs,not_valid
voutiqueaborbon.avature.net,https://voutiqueaborbon.avature.net/careers/SearchJobs,not_valid
sodexo.avature.net,https://sodexo.avature.net/careers/SearchJobs,not_valid
voutiqueamcelroy2.avature.net,https://voutiqueamcelroy2.avature.net/careers/SearchJobs,not_valid
voutiquebfrazier.avature.net,https://voutiquebfrazier.avature.net/careers/SearchJobs,not_valid
voutiquemgomez2.avature.net,https://voutiquemgomez2.avature.net/careers/SearchJobs,not_valid
xerox.avature.net,https://xerox.avature.net/careers/SearchJobs,not_valid
voutiquepgameson2.avature.net,https://voutiquepgameson2.avature.net/careers/SearchJobs,not_valid
situsamc.avature.net,https://situsamc.avature.net/careers/SearchJobs,not_valid
vertexinc.avature.net,https://vertexinc.avature.net/careers/SearchJobs,not_valid
talentrise.avature.net,https://talentrise.avature.net/careers/SearchJobs,not_valid
ukg.avature.net,https://ukg.avature.net/careers/SearchJobs,not_valid
ameren.avature.net,https://ameren.avature.net/careers/SearchJobs,not_valid
voutiquecgaderer.avature.net,https://voutiquecgaderer.avature.net/careers/SearchJobs,not_valid
nestleus.avature.net,https://nestleus.avature.net/careers/SearchJobs,not_valid
wellsfargo.avature.net,https://wellsfargo.avature.net/careers/SearchJobs,not_valid
otis.avature.net,https://otis.avature.net/careers/SearchJobs,not_valid
capitalgroup.avature.net,https://capitalgroup.avature.net/careers/SearchJobs,not_valid
voutiquesliebelt3.avature.net,https://voutiquesliebelt3.avature.net/careers/SearchJobs,not_valid
dbgroup.avature.net,https://dbgroup.avature.net/careers/SearchJobs,not_valid
dbgrouptest.avature.net,https://dbgrouptest.avature.net/careers/SearchJobs,not_valid
qasiemensenergy.avature.net,https://qasiemensenergy.avature.net/careers/SearchJobs,not_valid
careers.avature.net,https://careers.avature.net/careers/SearchJobs,not_valid
generalatomics.avature.net,https://generalatomics.avature.net/careers/SearchJobs,not_valid
ipghealth.avature.net,https://ipghealth.avature.net/careers/SearchJobs,not_valid
pontoonpartners.avature.net,https://pontoonpartners.avature.net/careers/SearchJobs,not_valid
voutiqueinternal.avature.net,https://voutiqueinternal.avature.net/careers/SearchJobs,not_valid
voutiquegermanyqa.avature.net,https://voutiquegermanyqa.avature.net/careers/SearchJobs,not_valid
dell2.avature.net,https://dell2.avature.net/careers/SearchJobs,not_valid
voutiqueqa2.avature.net,https://voutiqueqa2.avature.net/careers/SearchJobs,not_valid
voutiqueconcierge.avature.net,https://voutiqueconcierge.avature.net/careers/SearchJobs,not_valid
voutiquecontent.avature.net,https://voutiquecontent.avature.net/careers/SearchJobs,not_valid
voutiqueehartwyk.avature.net,https://voutiqueehartwyk.avature.net/careers/SearchJobs,not_valid
mccannwg.avature.net,https://mccannwg.avature.net/careers/SearchJobs,not_valid
docs.avature.net,https://docs.avature.net/careers/SearchJobs,not_valid
voutiquedhaas.avature.net,https://voutiquedhaas.avature.net/careers/SearchJobs,not_valid
sandboxglobalcxaccenture.avature.net,https://sandboxglobalcxaccenture.avature.net/careers/SearchJobs,not_valid
schenker.avature.net,https://schenker.avature.net/careers/SearchJobs,not_valid
recruitlink.avature.net,https://recruitlink.avature.net/careers/SearchJobs,not_valid
crl.avature.net,https://crl.avature.net/careers/SearchJobs,not_valid
sandboxacn.avature.net,https://sandboxacn.avature.net/careers/SearchJobs,not_valid
takeda.avature.net,https://takeda.avature.net/careers/SearchJobs,not_valid
virginmediao2.avature.net,https://virginmediao2.avature.net/careers/SearchJobs,not_valid
epic.avature.net,https://epic.avature.net/careers/SearchJobs,not_valid
emiratesjobs.avature.net,https://emiratesjobs.avature.net/careers/SearchJobs,not_valid
avanade.avature.net,https://avanade.avature.net/careers/SearchJobs,not_valid
dpdhlgroup.avature.net,https://dpdhlgroup.avature.net/careers/SearchJobs,not_valid
telusinternational.avature.net,https://telusinternational.avature.net/careers/SearchJobs,not_valid
ocasata.avature.net,https://ocasata.avature.net/careers/SearchJobs,not_valid
uskpmgats.avature.net,https://uskpmgats.avature.net/careers/SearchJobs,not_valid
kellyds.avature.net,https://kellyds.avature.net/careers/SearchJobs,not_valid
lockheedmartin.avature.net,https://lockheedmartin.avature.net/careers/SearchJobs,not_valid
sbd.avature.net,https://sbd.avature.net/careers/SearchJobs,not_valid
siemensenergy.avature.net,https://siemensenergy.avature.net/careers/SearchJobs,not_valid
schneider.avature.net,https://schneider.avature.net/careers/SearchJobs,not_valid
premisehealth2.avature.net,https://premisehealth2.avature.net/careers/SearchJobs,not_valid
wayfair.avature.net,https://wayfair.avature.net/careers/SearchJobs,not_valid
sandboxtraderjoes.avature.net,https://sandboxtraderjoes.avature.net/careers/SearchJobs,not_valid
kellogg.avature.net,https://kellogg.avature.net/careers/SearchJobs,not_valid
cfa.avature.net,https://cfa.avature.net/careers/SearchJobs,not_valid
jawood.avature.net,https://jawood.avature.net/careers/SearchJobs,not_valid
discovermgs.avature.net,https://discovermgs.avature.net/careers/SearchJobs,not_valid
mlt.avature.net,https://mlt.avature.net/careers/SearchJobs,not_valid
uop.avature.net,https://uop.avature.net/careers/SearchJobs,not_valid
hersheys.avature.net,https://hersheys.avature.net/careers/SearchJobs,not_valid
nikelatam.avature.net,https://nikelatam.avature.net/careers/SearchJobs,not_valid
developers.avature.net,https://developers.avature.net/careers/SearchJobs,not_valid
somerset.avature.net,https://somerset.avature.net/careers/SearchJobs,not_valid
boeing.avature.net,https://boeing.avature.net/careers/SearchJobs,not_valid
crowdstrike.avature.net,https://crowdstrike.avature.net/careers/SearchJobs,not_valid
acn.avature.net,https://acn.avature.net/careers/SearchJobs,not_valid
walmart.avature.net,https://walmart.avature.net/careers/SearchJobs,not_valid
dukeenergy.avature.net,https://dukeenergy.avature.net/careers/SearchJobs,not_valid
visa.avature.net,https://visa.avature.net/careers/SearchJobs,not_valid
kp.avature.net,https://kp.avature.net/careers/SearchJobs,not_valid
libertymutual1.avature.net,https://libertymutual1.avature.net/careers/SearchJobs,not_valid
tgv.avature.net,https://tgv.avature.net/careers/SearchJobs,not_valid
customerservice.avature.net,https://customerservice.avature.net/careers/SearchJobs,not_valid
mckinsey.avature.net,https://mckinsey.avature.net/careers/SearchJobs,not_valid
intuit.avature.net,https://intuit.avature.net/careers/SearchJobs,not_valid
flow.avature.net,https://flow.avature.net/careers/SearchJobs,not_valid
premium.avature.net,https://premium.avature.net/careers/SearchJobs,not_valid
sandboxpremium.avature.net,https://sandboxpremium.avature.net/careers/SearchJobs,not_valid
carlyle.avature.net,https://carlyle.avature.net/careers/SearchJobs,not_valid
mckinseyuat.avature.net,https://mckinseyuat.avature.net/careers/SearchJobs,not_valid
plantemoran.avature.net,https://plantemoran.avature.net/careers/SearchJobs,not_valid
nikeats.avature.net,https://nikeats.avature.net/careers/SearchJobs,not_valid
ochsner.avature.net,https://ochsner.avature.net/careers/SearchJobs,not_valid
sas.avature.net,https://sas.avature.net/careers/SearchJobs,not_valid
vccs.avature.net,https://vccs.avature.net/careers/SearchJobs,not_valid
honorhealth.avature.net,https://honorhealth.avature.net/careers/SearchJobs,not_valid
twosigma.avature.net,https://twosigma.avature.net/careers/SearchJobs,not_valid
cfafranchise.avature.net,https://cfafranchise.avature.net/careers/SearchJobs,not_valid
dttl.avature.net,https://dttl.avature.net/careers/SearchJobs,not_valid
bbw.avature.net,https://bbw.avature.net/careers/SearchJobs,not_valid
kronos.avature.net,https://kronos.avature.net/careers/SearchJobs,not_valid
linkedin.avature.net,https://linkedin.avature.net/careers/SearchJobs,not_valid
pepsicoglobalpontoon.avature.net,https://pepsicoglobalpontoon.avature.net/careers/SearchJobs,not_valid
bradyplus.avature.net,https://bradyplus.avature.net/careers/SearchJobs,not_valid
sandboxrl.avature.net,https://sandboxrl.avature.net/careers/SearchJobs,not_valid
pepsicoglobal.avature.net,https://pepsicoglobal.avature.net/careers/SearchJobs,not_valid
progressive.avature.net,https://progressive.avature.net/careers/SearchJobs,not_valid
forvis.avature.net,https://forvis.avature.net/careers/SearchJobs,not_valid
target.avature.net,https://target.avature.net/careers/SearchJobs,not_valid
hitachienergy.avature.net,https://hitachienergy.avature.net/careers/SearchJobs,not_valid
avanadeta.avature.net,https://avanadeta.avature.net/careers/SearchJobs,not_valid
bellflight.avature.net,https://bellflight.avature.net/careers/SearchJobs,not_valid
oracle.avature.net,https://oracle.avature.net/careers/SearchJobs,not_valid
fpmgs.avature.net,https://fpmgs.avature.net/careers/SearchJobs,not_valid
globalcxaccenture.avature.net,https://globalcxaccenture.avature.net/careers/SearchJobs,not_valid
novonordisk.avature.net,https://novonordisk.avature.net/careers/SearchJobs,not_valid
belk.avature.net,https://belk.avature.net/careers/SearchJobs,not_valid